date_key,calendar_date,day,month,year,quarter,weekday
20250319,2025-03-19,19,3,2025,1,3
20240211,2024-02-11,11,2,2024,1,7
20250321,2025-03-21,21,3,2025,1,5
20240805,2024-08-05,5,8,2024,3,1
20250525,2025-05-25,25,5,2025,2,7
20241222,2024-12-22,22,12,2024,4,7
20240828,2024-08-28,28,8,2024,3,3
20250504,2025-05-04,4,5,2025,2,7
20240703,2024-07-03,3,7,2024,3,3
20250501,2025-05-01,1,5,2025,2,4
20231121,2023-11-21,21,11,2023,4,2
20231123,2023-11-23,23,11,2023,4,4
20250616,2025-06-16,16,6,2025,2,1
20240415,2024-04-15,15,4,2024,2,1
20250415,2025-04-15,15,4,2025,2,2
20240717,2024-07-17,17,7,2024,3,3
20240314,2024-03-14,14,3,2024,1,4
20250401,2025-04-01,1,4,2025,2,2
20240614,2024-06-14,14,6,2024,2,5
20240513,2024-05-13,13,5,2024,2,1
20250204,2025-02-04,4,2,2025,1,2
20240329,2024-03-29,29,3,2024,1,5
20240723,2024-07-23,23,7,2024,3,2
20240423,2024-04-23,23,4,2024,2,2
20250316,2025-03-16,16,3,2025,1,7
20240402,2024-04-02,2,4,2024,2,2
20231017,2023-10-17,17,10,2023,4,2
20250808,2025-08-08,8,8,2025,3,5
20250612,2025-06-12,12,6,2025,2,4
20250427,2025-04-27,27,4,2025,2,7
20250514,2025-05-14,14,5,2025,2,3
20231201,2023-12-01,1,12,2023,4,5
20240417,2024-04-17,17,4,2024,2,3
20230925,2023-09-25,25,9,2023,3,1
20240708,2024-07-08,8,7,2024,3,1
20240407,2024-04-07,7,4,2024,2,7
20250323,2025-03-23,23,3,2025,1,7
20250718,2025-07-18,18,7,2025,3,5
20240117,2024-01-17,17,1,2024,1,3
20240818,2024-08-18,18,8,2024,3,7
20240728,2024-07-28,28,7,2024,3,7
20250310,2025-03-10,10,3,2025,1,1
20231114,2023-11-14,14,11,2023,4,2
20231102,2023-11-02,2,11,2023,4,4
20250221,2025-02-21,21,2,2025,1,5
20231015,2023-10-15,15,10,2023,4,7
20250801,2025-08-01,1,8,2025,3,5
20240112,2024-01-12,12,1,2024,1,5
20250206,2025-02-06,6,2,2025,1,4
20231219,2023-12-19,19,12,2023,4,2
20240430,2024-04-30,30,4,2024,2,2
20250404,2025-04-04,4,4,2025,2,5
20240917,2024-09-17,17,9,2024,3,2
20231012,2023-10-12,12,10,2023,4,4
20240420,2024-04-20,20,4,2024,2,6
20240525,2024-05-25,25,5,2024,2,6
20231118,2023-11-18,18,11,2023,4,6
20240229,2024-02-29,29,2,2024,1,4
20241228,2024-12-28,28,12,2024,4,6
20240204,2024-02-04,4,2,2024,1,7
20231109,2023-11-09,9,11,2023,4,4
20231031,2023-10-31,31,10,2023,4,2
20230923,2023-09-23,23,9,2023,3,6
20241120,2024-11-20,20,11,2024,4,3
20240628,2024-06-28,28,6,2024,2,5
20241031,2024-10-31,31,10,2024,4,4
20240521,2024-05-21,21,5,2024,2,2
20250212,2025-02-12,12,2,2025,1,3
20240206,2024-02-06,6,2,2024,1,2
20250604,2025-06-04,4,6,2025,2,3
20250715,2025-07-15,15,7,2025,3,2
20240619,2024-06-19,19,6,2024,2,3
20240825,2024-08-25,25,8,2024,3,7
20250414,2025-04-14,14,4,2025,2,1
20240612,2024-06-12,12,6,2024,2,3
20250106,2025-01-06,6,1,2025,1,1
20231226,2023-12-26,26,12,2023,4,2
20241115,2024-11-15,15,11,2024,4,5
20250721,2025-07-21,21,7,2025,3,1
20240819,2024-08-19,19,8,2024,3,1
20231019,2023-10-19,19,10,2023,4,4
20230919,2023-09-19,19,9,2023,3,2
20240922,2024-09-22,22,9,2024,3,7
20250426,2025-04-26,26,4,2025,2,6
20231209,2023-12-09,9,12,2023,4,6
20231211,2023-12-11,11,12,2023,4,1
20240622,2024-06-22,22,6,2024,2,6
20240613,2024-06-13,13,6,2024,2,4
20231120,2023-11-20,20,11,2023,4,1
20250107,2025-01-07,7,1,2025,1,2
20250522,2025-05-22,22,5,2025,2,4
20231115,2023-11-15,15,11,2023,4,3
20240327,2024-03-27,27,3,2024,1,3
20231206,2023-12-06,6,12,2023,4,3
20231204,2023-12-04,4,12,2023,4,1
20240516,2024-05-16,16,5,2024,2,4
20250217,2025-02-17,17,2,2025,1,1
20250429,2025-04-29,29,4,2025,2,2
20250129,2025-01-29,29,1,2025,1,3
20241018,2024-10-18,18,10,2024,4,5
20240120,2024-01-20,20,1,2024,1,6
20240403,2024-04-03,3,4,2024,2,3
20250824,2025-08-24,24,8,2025,3,7
20241130,2024-11-30,30,11,2024,4,6
20241026,2024-10-26,26,10,2024,4,6
20231024,2023-10-24,24,10,2023,4,2
20240524,2024-05-24,24,5,2024,2,5
20250615,2025-06-15,15,6,2025,2,7
20240223,2024-02-23,23,2,2024,1,5
20250118,2025-01-18,18,1,2025,1,6
20240222,2024-02-22,22,2,2024,1,4
20240526,2024-05-26,26,5,2024,2,7
20250708,2025-07-08,8,7,2025,3,2
20230920,2023-09-20,20,9,2023,3,3
20240318,2024-03-18,18,3,2024,1,1
20240116,2024-01-16,16,1,2024,1,2
20240528,2024-05-28,28,5,2024,2,2
20250420,2025-04-20,20,4,2025,2,7
20240102,2024-01-02,2,1,2024,1,2
20241030,2024-10-30,30,10,2024,4,3
20250120,2025-01-20,20,1,2025,1,1
20250819,2025-08-19,19,8,2025,3,2
20240512,2024-05-12,12,5,2024,2,7
20240515,2024-05-15,15,5,2024,2,3
20250515,2025-05-15,15,5,2025,2,4
20240812,2024-08-12,12,8,2024,3,1
20250301,2025-03-01,1,3,2025,1,6
20240313,2024-03-13,13,3,2024,1,3
20250327,2025-03-27,27,3,2025,1,4
20231230,2023-12-30,30,12,2023,4,6
20250727,2025-07-27,27,7,2025,3,7
20250413,2025-04-13,13,4,2025,2,7
20250328,2025-03-28,28,3,2025,1,5
20231127,2023-11-27,27,11,2023,4,1
20240712,2024-07-12,12,7,2024,3,5
20241103,2024-11-03,3,11,2024,4,7
20241204,2024-12-04,4,12,2024,4,3
20250516,2025-05-16,16,5,2025,2,5
20231023,2023-10-23,23,10,2023,4,1
20241230,2024-12-30,30,12,2024,4,1
20250227,2025-02-27,27,2,2025,1,4
20250625,2025-06-25,25,6,2025,2,3
20241129,2024-11-29,29,11,2024,4,5
20250523,2025-05-23,23,5,2025,2,5
20240722,2024-07-22,22,7,2024,3,1
20240308,2024-03-08,8,3,2024,1,5
20230922,2023-09-22,22,9,2023,3,5
20241006,2024-10-06,6,10,2024,4,7
20250105,2025-01-05,5,1,2025,1,7
20240428,2024-04-28,28,4,2024,2,7
20250831,2025-08-31,31,8,2025,3,7
20231010,2023-10-10,10,10,2023,4,2
20250630,2025-06-30,30,6,2025,2,1
20240810,2024-08-10,10,8,2024,3,6
20250524,2025-05-24,24,5,2025,2,6
20241212,2024-12-12,12,12,2024,4,4
20240919,2024-09-19,19,9,2024,3,4
20241213,2024-12-13,13,12,2024,4,5
20240427,2024-04-27,27,4,2024,2,6
20240902,2024-09-02,2,9,2024,3,1
20240615,2024-06-15,15,6,2024,2,6
20250130,2025-01-30,30,1,2025,1,4
20250205,2025-02-05,5,2,2025,1,3
20231221,2023-12-21,21,12,2023,4,4
20240109,2024-01-09,9,1,2024,1,2
20241011,2024-10-11,11,10,2024,4,5
20240127,2024-01-27,27,1,2024,1,6
20250406,2025-04-06,6,4,2025,2,7
20231215,2023-12-15,15,12,2023,4,5
20250614,2025-06-14,14,6,2025,2,6
20240928,2024-09-28,28,9,2024,3,6
20250517,2025-05-17,17,5,2025,2,6
20250326,2025-03-26,26,3,2025,1,3
20240213,2024-02-13,13,2,2024,1,2
20240605,2024-06-05,5,6,2024,2,3
20250320,2025-03-20,20,3,2025,1,4
20240401,2024-04-01,1,4,2024,2,1
20250602,2025-06-02,2,6,2025,2,1
20250816,2025-08-16,16,8,2025,3,6
20250520,2025-05-20,20,5,2025,2,2
20231003,2023-10-03,3,10,2023,4,2
20241224,2024-12-24,24,12,2024,4,2
20240804,2024-08-04,4,8,2024,3,7
20241010,2024-10-10,10,10,2024,4,4
20241022,2024-10-22,22,10,2024,4,2
20240208,2024-02-08,8,2,2024,1,4
20250723,2025-07-23,23,7,2025,3,3
20250804,2025-08-04,4,8,2025,3,1
20231222,2023-12-22,22,12,2023,4,5
20250702,2025-07-02,2,7,2025,3,3
20240918,2024-09-18,18,9,2024,3,3
20250312,2025-03-12,12,3,2025,1,3
20241122,2024-11-22,22,11,2024,4,5
20241004,2024-10-04,4,10,2024,4,5
20230909,2023-09-09,9,9,2023,3,6
20240227,2024-02-27,27,2,2024,1,2
20241110,2024-11-10,10,11,2024,4,7
20240203,2024-02-03,3,2,2024,1,6
20250108,2025-01-08,8,1,2025,1,3
20250419,2025-04-19,19,4,2025,2,6
20241226,2024-12-26,26,12,2024,4,4
20250711,2025-07-11,11,7,2025,3,5
20241104,2024-11-04,4,11,2024,4,1
20241205,2024-12-05,5,12,2024,4,4
20231011,2023-10-11,11,10,2023,4,3
20250904,2025-09-04,4,9,2025,3,4
20240604,2024-06-04,4,6,2024,2,2
20250331,2025-03-31,31,3,2025,1,1
20240707,2024-07-07,7,7,2024,3,7
20250812,2025-08-12,12,8,2025,3,2
20240209,2024-02-09,9,2,2024,1,5
20241202,2024-12-02,2,12,2024,4,1
20250607,2025-06-07,7,6,2025,2,6
20250820,2025-08-20,20,8,2025,3,3
20231202,2023-12-02,2,12,2023,4,6
20250722,2025-07-22,22,7,2025,3,2
20240405,2024-04-05,5,4,2024,2,5
20250421,2025-04-21,21,4,2025,2,1
20240413,2024-04-13,13,4,2024,2,6
20241025,2024-10-25,25,10,2024,4,5
20250430,2025-04-30,30,4,2025,2,3
20240827,2024-08-27,27,8,2024,3,2
20240201,2024-02-01,1,2,2024,1,4
20240305,2024-03-05,5,3,2024,1,2
20240629,2024-06-29,29,6,2024,2,6
20231002,2023-10-02,2,10,2023,4,1
20250621,2025-06-21,21,6,2025,2,6
20231119,2023-11-19,19,11,2023,4,7
20240813,2024-08-13,13,8,2024,3,2
20231213,2023-12-13,13,12,2023,4,3
20240531,2024-05-31,31,5,2024,2,5
20250213,2025-02-13,13,2,2025,1,4
20250712,2025-07-12,12,7,2025,3,6
20241128,2024-11-28,28,11,2024,4,4
20250124,2025-01-24,24,1,2025,1,5
20250403,2025-04-03,3,4,2025,2,4
20240218,2024-02-18,18,2,2024,1,7
20240715,2024-07-15,15,7,2024,3,1
20240328,2024-03-28,28,3,2024,1,4
20240618,2024-06-18,18,6,2024,2,2
20240811,2024-08-11,11,8,2024,3,7
20231013,2023-10-13,13,10,2023,4,5
20241117,2024-11-17,17,11,2024,4,7
20240119,2024-01-19,19,1,2024,1,5
20240319,2024-03-19,19,3,2024,1,2
20240809,2024-08-09,9,8,2024,3,5
20240617,2024-06-17,17,6,2024,2,1
20240507,2024-05-07,7,5,2024,2,2
20231116,2023-11-16,16,11,2023,4,4
20250315,2025-03-15,15,3,2025,1,6
20250209,2025-02-09,9,2,2025,1,7
20240123,2024-01-23,23,1,2024,1,2
20231231,2023-12-31,31,12,2023,4,7
20250407,2025-04-07,7,4,2025,2,1
20240504,2024-05-04,4,5,2024,2,6
20240306,2024-03-06,6,3,2024,1,3
20230924,2023-09-24,24,9,2023,3,7
20250318,2025-03-18,18,3,2025,1,2
20250424,2025-04-24,24,4,2025,2,4
20230927,2023-09-27,27,9,2023,3,3
20240731,2024-07-31,31,7,2024,3,3
20241107,2024-11-07,7,11,2024,4,4
20240217,2024-02-17,17,2,2024,1,6
20240815,2024-08-15,15,8,2024,3,4
20241119,2024-11-19,19,11,2024,4,2
20250302,2025-03-02,2,3,2025,1,7
20240608,2024-06-08,8,6,2024,2,6
20240128,2024-01-28,28,1,2024,1,7
20230915,2023-09-15,15,9,2023,3,5
20240822,2024-08-22,22,8,2024,3,4
20240514,2024-05-14,14,5,2024,2,2
20240226,2024-02-26,26,2,2024,1,1
20231227,2023-12-27,27,12,2023,4,3
20231111,2023-11-11,11,11,2023,4,6
20240709,2024-07-09,9,7,2024,3,2
20240726,2024-07-26,26,7,2024,3,5
20250219,2025-02-19,19,2,2025,1,3
20250508,2025-05-08,8,5,2025,2,4
20230921,2023-09-21,21,9,2023,3,4
20241216,2024-12-16,16,12,2024,4,1
20241028,2024-10-28,28,10,2024,4,1
20231129,2023-11-29,29,11,2023,4,3
20250317,2025-03-17,17,3,2025,1,1
20250117,2025-01-17,17,1,2025,1,5
20240409,2024-04-09,9,4,2024,2,2
20240901,2024-09-01,1,9,2024,3,7
20241015,2024-10-15,15,10,2024,4,2
20250226,2025-02-26,26,2,2025,1,3
20250703,2025-07-03,3,7,2025,3,4
20250806,2025-08-06,6,8,2025,3,3
20240130,2024-01-30,30,1,2024,1,2
20250119,2025-01-19,19,1,2025,1,7
20240713,2024-07-13,13,7,2024,3,6
20250624,2025-06-24,24,6,2025,2,2
20240520,2024-05-20,20,5,2024,2,1
20240607,2024-06-07,7,6,2024,2,5
20240122,2024-01-22,22,1,2024,1,1
20250815,2025-08-15,15,8,2025,3,5
20250223,2025-02-23,23,2,2025,1,7
20250716,2025-07-16,16,7,2025,3,3
20231124,2023-11-24,24,11,2023,4,5
20250313,2025-03-13,13,3,2025,1,4
20241105,2024-11-05,5,11,2024,4,2
20231020,2023-10-20,20,10,2023,4,5
20240530,2024-05-30,30,5,2024,2,4
20241229,2024-12-29,29,12,2024,4,7
20240406,2024-04-06,6,4,2024,2,6
20240110,2024-01-10,10,1,2024,1,3
20231009,2023-10-09,9,10,2023,4,1
20250518,2025-05-18,18,5,2025,2,7
20250409,2025-04-09,9,4,2025,2,3
20250629,2025-06-29,29,6,2025,2,7
20240802,2024-08-02,2,8,2024,3,5
20240522,2024-05-22,22,5,2024,2,3
20240701,2024-07-01,1,7,2024,3,1
20240808,2024-08-08,8,8,2024,3,4
20250810,2025-08-10,10,8,2025,3,7
20250730,2025-07-30,30,7,2025,3,3
20250601,2025-06-01,1,6,2025,2,7
20240325,2024-03-25,25,3,2024,1,1
20240627,2024-06-27,27,6,2024,2,4
20231112,2023-11-12,12,11,2023,4,7
20240727,2024-07-27,27,7,2024,3,6
20250305,2025-03-05,5,3,2025,1,3
20231220,2023-12-20,20,12,2023,4,3
20250901,2025-09-01,1,9,2025,3,1
20231205,2023-12-05,5,12,2023,4,2
20250128,2025-01-28,28,1,2025,1,2
20240913,2024-09-13,13,9,2024,3,5
20231224,2023-12-24,24,12,2023,4,7
20241219,2024-12-19,19,12,2024,4,4
20250505,2025-05-05,5,5,2025,2,1
20250330,2025-03-30,30,3,2025,1,7
20241113,2024-11-13,13,11,2024,4,3
20250608,2025-06-08,8,6,2025,2,7
20240710,2024-07-10,10,7,2024,3,3
20240611,2024-06-11,11,6,2024,2,2
20240527,2024-05-27,27,5,2024,2,1
20250126,2025-01-26,26,1,2025,1,7
20250311,2025-03-11,11,3,2025,1,2
20230917,2023-09-17,17,9,2023,3,7
20240706,2024-07-06,6,7,2024,3,6
20250729,2025-07-29,29,7,2025,3,2
20240210,2024-02-10,10,2,2024,1,6
20240920,2024-09-20,20,9,2024,3,5
20240105,2024-01-05,5,1,2024,1,5
20231210,2023-12-10,10,12,2023,4,7
20240412,2024-04-12,12,4,2024,2,5
20240930,2024-09-30,30,9,2024,3,1
20241111,2024-11-11,11,11,2024,4,1
20231214,2023-12-14,14,12,2023,4,4
20250113,2025-01-13,13,1,2025,1,1
20250410,2025-04-10,10,4,2025,2,4
20250509,2025-05-09,9,5,2025,2,5
20240909,2024-09-09,9,9,2024,3,1
20250805,2025-08-05,5,8,2025,3,2
20240124,2024-01-24,24,1,2024,1,3
20231212,2023-12-12,12,12,2023,4,2
20250513,2025-05-13,13,5,2025,2,2
20241106,2024-11-06,6,11,2024,4,3
20250109,2025-01-09,9,1,2025,1,4
20231101,2023-11-01,1,11,2023,4,3
20250620,2025-06-20,20,6,2025,2,5
20250613,2025-06-13,13,6,2025,2,5
20240817,2024-08-17,17,8,2024,3,6
20240623,2024-06-23,23,6,2024,2,7
20240511,2024-05-11,11,5,2024,2,6
20230930,2023-09-30,30,9,2023,3,6
20230908,2023-09-08,8,9,2023,3,5
20250131,2025-01-31,31,1,2025,1,5
20240929,2024-09-29,29,9,2024,3,7
20240416,2024-04-16,16,4,2024,2,2
20241214,2024-12-14,14,12,2024,4,6
20250605,2025-06-05,5,6,2025,2,4
20241227,2024-12-27,27,12,2024,4,5
20241203,2024-12-03,3,12,2024,4,2
20241014,2024-10-14,14,10,2024,4,1
20250827,2025-08-27,27,8,2025,3,3
20250807,2025-08-07,7,8,2025,3,4
20250611,2025-06-11,11,6,2025,2,3
20240620,2024-06-20,20,6,2024,2,4
20250210,2025-02-10,10,2,2025,1,1
20241123,2024-11-23,23,11,2024,4,6
20240923,2024-09-23,23,9,2024,3,1
20241102,2024-11-02,2,11,2024,4,6
20250731,2025-07-31,31,7,2025,3,4
20240101,2024-01-01,1,1,2024,1,1
20240408,2024-04-08,8,4,2024,2,1
20250720,2025-07-20,20,7,2025,3,7
20240129,2024-01-29,29,1,2024,1,1
20240414,2024-04-14,14,4,2024,2,7
20250412,2025-04-12,12,4,2025,2,6
20231126,2023-11-26,26,11,2023,4,7
20240904,2024-09-04,4,9,2024,3,3
20250622,2025-06-22,22,6,2025,2,7
20250408,2025-04-08,8,4,2025,2,2
20240312,2024-03-12,12,3,2024,1,2
20250225,2025-02-25,25,2,2025,1,2
20240721,2024-07-21,21,7,2024,3,7
20231026,2023-10-26,26,10,2023,4,4
20240410,2024-04-10,10,4,2024,2,3
20250303,2025-03-03,3,3,2025,1,1
20241007,2024-10-07,7,10,2024,4,1
20231030,2023-10-30,30,10,2023,4,1
20250418,2025-04-18,18,4,2025,2,5
20250818,2025-08-18,18,8,2025,3,1
20250606,2025-06-06,6,6,2025,2,5
20240501,2024-05-01,1,5,2024,2,3
20240625,2024-06-25,25,6,2024,2,2
20240330,2024-03-30,30,3,2024,1,6
20240910,2024-09-10,10,9,2024,3,2
20240702,2024-07-02,2,7,2024,3,2
20230918,2023-09-18,18,9,2023,3,1
20240202,2024-02-02,2,2,2024,1,5
20241218,2024-12-18,18,12,2024,4,3
20230929,2023-09-29,29,9,2023,3,5
20241231,2024-12-31,31,12,2024,4,2
20240509,2024-05-09,9,5,2024,2,4
20240307,2024-03-07,7,3,2024,1,4
20250809,2025-08-09,9,8,2025,3,6
20231001,2023-10-01,1,10,2023,4,7
20240228,2024-02-28,28,2,2024,1,3
20250707,2025-07-07,7,7,2025,3,1
20250817,2025-08-17,17,8,2025,3,7
20241223,2024-12-23,23,12,2024,4,1
20240914,2024-09-14,14,9,2024,3,6
20240118,2024-01-18,18,1,2024,1,4
20240131,2024-01-31,31,1,2024,1,3
20250104,2025-01-04,4,1,2025,1,6
20240716,2024-07-16,16,7,2024,3,2
20250322,2025-03-22,22,3,2025,1,6
20250528,2025-05-28,28,5,2025,2,3
20250202,2025-02-02,2,2,2025,1,7
20231104,2023-11-04,4,11,2023,4,6
20241021,2024-10-21,21,10,2024,4,1
20240519,2024-05-19,19,5,2024,2,7
20231207,2023-12-07,7,12,2023,4,4
20250308,2025-03-08,8,3,2025,1,6
20250507,2025-05-07,7,5,2025,2,3
20250512,2025-05-12,12,5,2025,2,1
20250510,2025-05-10,10,5,2025,2,6
20240220,2024-02-20,20,2,2024,1,2
20250114,2025-01-14,14,1,2025,1,2
20240711,2024-07-11,11,7,2024,3,4
20240602,2024-06-02,2,6,2024,2,7
20231208,2023-12-08,8,12,2023,4,5
20250324,2025-03-24,24,3,2025,1,1
20240502,2024-05-02,2,5,2024,2,4
20250626,2025-06-26,26,6,2025,2,4
20250905,2025-09-05,5,9,2025,3,5
20240704,2024-07-04,4,7,2024,3,4
20240508,2024-05-08,8,5,2024,2,3
20231007,2023-10-07,7,10,2023,4,6
20240921,2024-09-21,21,9,2024,3,6
20250306,2025-03-06,6,3,2025,1,4
20250725,2025-07-25,25,7,2025,3,5
20240823,2024-08-23,23,8,2024,3,5
20240907,2024-09-07,7,9,2024,3,6
20240309,2024-03-09,9,3,2024,1,6
20240806,2024-08-06,6,8,2024,3,2
20240609,2024-06-09,9,6,2024,2,7
20240320,2024-03-20,20,3,2024,1,3
20240205,2024-02-05,5,2,2024,1,1
20240906,2024-09-06,6,9,2024,3,5
20241027,2024-10-27,27,10,2024,4,7
20250709,2025-07-09,9,7,2025,3,3
20250123,2025-01-23,23,1,2025,1,4
20241207,2024-12-07,7,12,2024,4,6
20250425,2025-04-25,25,4,2025,2,5
20231016,2023-10-16,16,10,2023,4,1
20240212,2024-02-12,12,2,2024,1,1
20250802,2025-08-02,2,8,2025,3,6
20241220,2024-12-20,20,12,2024,4,5
20250719,2025-07-19,19,7,2025,3,6
20231014,2023-10-14,14,10,2023,4,6
20250309,2025-03-09,9,3,2025,1,7
20240718,2024-07-18,18,7,2024,3,4
20240630,2024-06-30,30,6,2024,2,7
20250329,2025-03-29,29,3,2025,1,6
20231008,2023-10-08,8,10,2023,4,7
20250531,2025-05-31,31,5,2025,2,6
20240505,2024-05-05,5,5,2024,2,7
20250207,2025-02-07,7,2,2025,1,5
20241005,2024-10-05,5,10,2024,4,6
20240829,2024-08-29,29,8,2024,3,4
20240603,2024-06-03,3,6,2024,2,1
20241002,2024-10-02,2,10,2024,4,3
20250701,2025-07-01,1,7,2025,3,2
20250110,2025-01-10,10,1,2025,1,5
20231203,2023-12-03,3,12,2023,4,7
20250814,2025-08-14,14,8,2025,3,4
20240820,2024-08-20,20,8,2024,3,2
20240221,2024-02-21,21,2,2024,1,3
20250529,2025-05-29,29,5,2025,2,4
20231218,2023-12-18,18,12,2023,4,1
20241017,2024-10-17,17,10,2024,4,4
20240621,2024-06-21,21,6,2024,2,5
20241012,2024-10-12,12,10,2024,4,6
20250222,2025-02-22,22,2,2025,1,6
20240115,2024-01-15,15,1,2024,1,1
20250530,2025-05-30,30,5,2025,2,5
20240926,2024-09-26,26,9,2024,3,4
20240310,2024-03-10,10,3,2024,1,7
20231217,2023-12-17,17,12,2023,4,7
20241210,2024-12-10,10,12,2024,4,2
20241016,2024-10-16,16,10,2024,4,3
20250511,2025-05-11,11,5,2025,2,7
20250902,2025-09-02,2,9,2025,3,2
20250127,2025-01-27,27,1,2025,1,1
20240303,2024-03-03,3,3,2024,1,7
20241225,2024-12-25,25,12,2024,4,3
20240215,2024-02-15,15,2,2024,1,4
20240426,2024-04-26,26,4,2024,2,5
20250627,2025-06-27,27,6,2025,2,5
20240616,2024-06-16,16,6,2024,2,7
20240624,2024-06-24,24,6,2024,2,1
20240108,2024-01-08,8,1,2024,1,1
20240908,2024-09-08,8,9,2024,3,7
20240331,2024-03-31,31,3,2024,1,7
20241125,2024-11-25,25,11,2024,4,1
20240324,2024-03-24,24,3,2024,1,7
20240830,2024-08-30,30,8,2024,3,5
20250216,2025-02-16,16,2,2025,1,7
20240924,2024-09-24,24,9,2024,3,2
20231113,2023-11-13,13,11,2023,4,1
20240111,2024-01-11,11,1,2024,1,4
20250618,2025-06-18,18,6,2025,2,3
20250411,2025-04-11,11,4,2025,2,5
20240302,2024-03-02,2,3,2024,1,6
20250823,2025-08-23,23,8,2025,3,6
20250304,2025-03-04,4,3,2025,1,2
20240315,2024-03-15,15,3,2024,1,5
20240518,2024-05-18,18,5,2024,2,6
20250710,2025-07-10,10,7,2025,3,4
20250609,2025-06-09,9,6,2025,2,1
20250617,2025-06-17,17,6,2025,2,2
20231029,2023-10-29,29,10,2023,4,7
20240424,2024-04-24,24,4,2024,2,3
20231130,2023-11-30,30,11,2023,4,4
20240323,2024-03-23,23,3,2024,1,6
20240915,2024-09-15,15,9,2024,3,7
20241116,2024-11-16,16,11,2024,4,6
20250829,2025-08-29,29,8,2025,3,5
20231005,2023-10-05,5,10,2023,4,4
20231018,2023-10-18,18,10,2023,4,3
20250101,2025-01-01,1,1,2025,1,3
20240529,2024-05-29,29,5,2024,2,3
20241013,2024-10-13,13,10,2024,4,7
20230910,2023-09-10,10,9,2023,3,7
20250713,2025-07-13,13,7,2025,3,7
20250704,2025-07-04,4,7,2025,3,5
20230907,2023-09-07,7,9,2023,3,4
20241126,2024-11-26,26,11,2024,4,2
20240705,2024-07-05,5,7,2024,3,5
20250803,2025-08-03,3,8,2025,3,7
20240610,2024-06-10,10,6,2024,2,1
20240214,2024-02-14,14,2,2024,1,3
20241215,2024-12-15,15,12,2024,4,7
20240421,2024-04-21,21,4,2024,2,7
20240903,2024-09-03,3,9,2024,3,2
20240927,2024-09-27,27,9,2024,3,5
20231110,2023-11-10,10,11,2023,4,5
20240419,2024-04-19,19,4,2024,2,5
20250203,2025-02-03,3,2,2025,1,1
20240311,2024-03-11,11,3,2024,1,1
20240126,2024-01-26,26,1,2024,1,5
20241221,2024-12-21,21,12,2024,4,6
20231125,2023-11-25,25,11,2023,4,6
20240422,2024-04-22,22,4,2024,2,1
20240925,2024-09-25,25,9,2024,3,3
20231228,2023-12-28,28,12,2023,4,4
20230914,2023-09-14,14,9,2023,3,4
20250111,2025-01-11,11,1,2025,1,6
20250422,2025-04-22,22,4,2025,2,2
20240912,2024-09-12,12,9,2024,3,4
20231122,2023-11-22,22,11,2023,4,3
20231223,2023-12-23,23,12,2023,4,6
20231025,2023-10-25,25,10,2023,4,3
20250503,2025-05-03,3,5,2025,2,6
20240601,2024-06-01,1,6,2024,2,6
20250728,2025-07-28,28,7,2025,3,1
20240114,2024-01-14,14,1,2024,1,7
20241112,2024-11-12,12,11,2024,4,2
20231225,2023-12-25,25,12,2023,4,1
20240216,2024-02-16,16,2,2024,1,5
20240219,2024-02-19,19,2,2024,1,1
20250423,2025-04-23,23,4,2025,2,3
20240121,2024-01-21,21,1,2024,1,7
20250610,2025-06-10,10,6,2025,2,2
20240207,2024-02-07,7,2,2024,1,3
20250717,2025-07-17,17,7,2025,3,4
20240626,2024-06-26,26,6,2024,2,3
20240321,2024-03-21,21,3,2024,1,4
20250724,2025-07-24,24,7,2025,3,4
20231107,2023-11-07,7,11,2023,4,2
20250220,2025-02-20,20,2,2025,1,4
20250417,2025-04-17,17,4,2025,2,4
20250811,2025-08-11,11,8,2025,3,1
20240911,2024-09-11,11,9,2024,3,3
20241101,2024-11-01,1,11,2024,4,5
20250211,2025-02-11,11,2,2025,1,2
20241029,2024-10-29,29,10,2024,4,2
20250628,2025-06-28,28,6,2025,2,6
20240429,2024-04-29,29,4,2024,2,1
20241114,2024-11-14,14,11,2024,4,4
20250402,2025-04-02,2,4,2025,2,3
20240517,2024-05-17,17,5,2024,2,5
20231117,2023-11-17,17,11,2023,4,5
20250603,2025-06-03,3,6,2025,2,2
20240503,2024-05-03,3,5,2024,2,5
20241008,2024-10-08,8,10,2024,4,2
20250527,2025-05-27,27,5,2025,2,2
20240606,2024-06-06,6,6,2024,2,4
20240523,2024-05-23,23,5,2024,2,4
20240801,2024-08-01,1,8,2024,3,4
20240404,2024-04-04,4,4,2024,2,4
20230916,2023-09-16,16,9,2023,3,6
20240107,2024-01-07,7,1,2024,1,7
20241127,2024-11-27,27,11,2024,4,3
20230928,2023-09-28,28,9,2023,3,4
20250706,2025-07-06,6,7,2025,3,7
20240916,2024-09-16,16,9,2024,3,1
20240803,2024-08-03,3,8,2024,3,6
20241208,2024-12-08,8,12,2024,4,7
20250208,2025-02-08,8,2,2025,1,6
20231106,2023-11-06,6,11,2023,4,1
20230911,2023-09-11,11,9,2023,3,1
20231105,2023-11-05,5,11,2023,4,7
20230913,2023-09-13,13,9,2023,3,3
20250903,2025-09-03,3,9,2025,3,3
20241121,2024-11-21,21,11,2024,4,4
20241009,2024-10-09,9,10,2024,4,3
20241201,2024-12-01,1,12,2024,4,7
20250623,2025-06-23,23,6,2025,2,1
20241003,2024-10-03,3,10,2024,4,4
20240106,2024-01-06,6,1,2024,1,6
20241109,2024-11-09,9,11,2024,4,6
20241206,2024-12-06,6,12,2024,4,5
20241211,2024-12-11,11,12,2024,4,3
20250112,2025-01-12,12,1,2025,1,7
20250714,2025-07-14,14,7,2025,3,1
20240826,2024-08-26,26,8,2024,3,1
20250228,2025-02-28,28,2,2025,1,5
20240725,2024-07-25,25,7,2024,3,4
20240304,2024-03-04,4,3,2024,1,1
20231022,2023-10-22,22,10,2023,4,7
20240103,2024-01-03,3,1,2024,1,3
20250215,2025-02-15,15,2,2025,1,6
20240316,2024-03-16,16,3,2024,1,6
20250822,2025-08-22,22,8,2025,3,5
20250821,2025-08-21,21,8,2025,3,4
20250825,2025-08-25,25,8,2025,3,1
20250428,2025-04-28,28,4,2025,2,1
20240824,2024-08-24,24,8,2024,3,6
20240425,2024-04-25,25,4,2024,2,4
20241023,2024-10-23,23,10,2024,4,3
20250103,2025-01-03,3,1,2025,1,5
20250526,2025-05-26,26,5,2025,2,1
20250218,2025-02-18,18,2,2025,1,2
20240510,2024-05-10,10,5,2024,2,5
20241001,2024-10-01,1,10,2024,4,2
20240418,2024-04-18,18,4,2024,2,4
20250224,2025-02-24,24,2,2025,1,1
20240224,2024-02-24,24,2,2024,1,6
20240807,2024-08-07,7,8,2024,3,3
20241019,2024-10-19,19,10,2024,4,6
20240714,2024-07-14,14,7,2024,3,7
20231028,2023-10-28,28,10,2023,4,6
20241217,2024-12-17,17,12,2024,4,2
20250314,2025-03-14,14,3,2025,1,5
20230912,2023-09-12,12,9,2023,3,2
20250307,2025-03-07,7,3,2025,1,5
20240125,2024-01-25,25,1,2024,1,4
20250519,2025-05-19,19,5,2025,2,1
20240816,2024-08-16,16,8,2024,3,5
20231216,2023-12-16,16,12,2023,4,6
20250705,2025-07-05,5,7,2025,3,6
20241020,2024-10-20,20,10,2024,4,7
20250830,2025-08-30,30,8,2025,3,6
20240814,2024-08-14,14,8,2024,3,3
20250826,2025-08-26,26,8,2025,3,2
20241118,2024-11-18,18,11,2024,4,1
20250828,2025-08-28,28,8,2025,3,4
20240724,2024-07-24,24,7,2024,3,3
20250325,2025-03-25,25,3,2025,1,2
20231128,2023-11-28,28,11,2023,4,2
20250813,2025-08-13,13,8,2025,3,3
20250521,2025-05-21,21,5,2025,2,3
20240506,2024-05-06,6,5,2024,2,1
20231108,2023-11-08,8,11,2023,4,3
20231021,2023-10-21,21,10,2023,4,6
20250416,2025-04-16,16,4,2025,2,3
20250506,2025-05-06,6,5,2025,2,2
20250115,2025-01-15,15,1,2025,1,3
20241024,2024-10-24,24,10,2024,4,4
20241108,2024-11-08,8,11,2024,4,5
20250619,2025-06-19,19,6,2025,2,4
20250102,2025-01-02,2,1,2025,1,4
20240831,2024-08-31,31,8,2024,3,6
20231103,2023-11-03,3,11,2023,4,5
20240326,2024-03-26,26,3,2024,1,2
20240719,2024-07-19,19,7,2024,3,5
20241209,2024-12-09,9,12,2024,4,1
20231004,2023-10-04,4,10,2023,4,3
20231027,2023-10-27,27,10,2023,4,5
20240104,2024-01-04,4,1,2024,1,4
20240821,2024-08-21,21,8,2024,3,3
20250121,2025-01-21,21,1,2025,1,2
20250201,2025-02-01,1,2,2025,1,6
20231229,2023-12-29,29,12,2023,4,5
20240720,2024-07-20,20,7,2024,3,6
20230926,2023-09-26,26,9,2023,3,2
20231006,2023-10-06,6,10,2023,4,5
20250125,2025-01-25,25,1,2025,1,6
20240113,2024-01-13,13,1,2024,1,6
20250122,2025-01-22,22,1,2025,1,3
20240729,2024-07-29,29,7,2024,3,1
20250502,2025-05-02,2,5,2025,2,5
20240225,2024-02-25,25,2,2024,1,7
20240905,2024-09-05,5,9,2024,3,4
20240411,2024-04-11,11,4,2024,2,4
20250726,2025-07-26,26,7,2025,3,6
20240301,2024-03-01,1,3,2024,1,5
20250405,2025-04-05,5,4,2025,2,6
20230906,2023-09-06,6,9,2023,3,3
20240317,2024-03-17,17,3,2024,1,7
20250116,2025-01-16,16,1,2025,1,4
20240322,2024-03-22,22,3,2024,1,5
20240730,2024-07-30,30,7,2024,3,2
20250214,2025-02-14,14,2,2025,1,5
20241124,2024-11-24,24,11,2024,4,7
